Datum,Titel,Link,Quelle,Inhalt
2025-11-20T00:00:00,Wohnkostenbelastung von Studierenden bei 53 Prozent,https://www.bundestag.de/presse/hib/kurzmeldungen-1127454,Heute im Bundestag,"Berlin: (hib/HLE) Die Wohnkostenbelastung von Studierenden liegt bei 53 Prozent. Dies berichtet die Bundesregierung in ihrer Antwort ( ) auf eine Kleine Anfrage der Fraktion Die Linke ( ) unter Berufung auf die Ergebnisse der Erhebung zu Einkommen und Lebensbedingungen des Statistischen Bundesamtes. Eine amtliche Statistik zu privaten und öffentlichen Wohnheimplätzen gebe es in Deutschland nicht. Nach einer Veröffentlichung des Deutschen Studierendenwerks habe es 2024 240.728 öffentlich geförderten Wohnheimplätze für Studierende in der Bundesrepublik Deutschland gegeben. Die durchschnittliche Bruttowarmmiete in einer Wohnanlage des Studierendenwerks sei von 233,76 Euro im Jahr 2014 auf 305,52 Euro im Jahr 2024 gestiegen. Außerdem teilt die Regierung unter Berufung auf Daten der Länder mit, dass im vergangenen Jahr bundesweit 8.864 Wohnheimplätze für Studierende und Auszubildende im Rahmen des Sozialen Wohnungsbaus (Junges Wohnen) gefördert worden seien. Die Förderergebnisse des Sonderprogramms Junges Wohnen sowie die Gespräche der Bundesregierung mit den Ländern und betroffenen Akteuren würden verdeutlichen, dass das Programm Junges Wohnen gut angenommen werde, so die Regierung."
2025-11-20T00:00:00,Treibstoffreserven in Deutschland,https://www.bundestag.de/presse/hib/kurzmeldungen-1127456,Heute im Bundestag,"Berlin: (hib/NKI) Die Bundesregierung sieht keinen Reformbedarf hinsichtlich der Kontrollbefugnisse des Bundesamts für Wirtschaft und Ausfuhrkontrolle (BAFA) oder des Bundesministeriums für Wirtschaft und Energie (BMWE) im Bereich strategischer Energieinfrastruktur in privater Hand. Die Strukturen seien hinreichend durch die einschlägigen Rechtsgrundlagen geregelt. Das schreibt die Bundesregierung in ihrer Antwort ( ) auf eine Kleine Anfrage ( ) der AfD-Fraktion. Nach dem Erdölbevorratungsgesetz sei es die Aufgabe des Erdölbevorratungsverbandes (EBV), zur Sicherung der Energieversorgung nach Maßgabe des Erdölbevorratungsgesetzes Vorräte an Erdöl und Erdölerzeugnissen als zentrale Bevorratungsstelle zu halten. Der EBV sei eine Körperschaft des öffentlichen Rechtes, gesetzliche Eingriffsrechte im Krisenfall gegenüber dem EBV lägen nach dem Wirtschaftssicherstellungsgesetz, nach dem Energiesicherungsgesetz sowie nach dem Erdölbevorratungsgesetz selbst vor. Die Rohöl- und Kraftstoffreserven seien Eigentum des EBV und würden in einem eigenen oder angemieteten ober- oder unterirdischen Lagerraum gelagert. Die Reserven würden im Umfang von mindestens 90 Tagen der entsprechenden Nettoimporte von Rohöl und Mineralölprodukten, bezogen auf das vorangegangene Jahr, gelagert."
2025-11-20T00:00:00,Bundesregierung will Gelder für die ESA erhöhen,https://www.bundestag.de/presse/hib/kurzmeldungen-1127452,Heute im Bundestag,"Berlin: (hib/DES) Bei der Ende November stattfindenden ESA-Ministerratskonferenz in Bremen möchte die Bundesregierung entsprechend ihres Koalitionsvertrages die Gelder für die ESA erhöhen und plant, sich in allen Programmbereichen finanziell zu beteiligen. Inhaltlich will sie den Fokus auf den „Erhalt und Ausbau technologischer Spitzenpositionen“ sowie „die Einleitung des Paradigmenwechsels hin zu wettbewerblichen, nutzer- und anwendungsorientierten Ansätzen bei den Startdienstleistungen“ legen. Dies antwortet die Bundesregierung ( ) auf eine Kleine Anfrage der Fraktion Bündnis 90/Die Grünen ( ). Insgesamt lege die Bundesregierung beim Thema Raumfahrt einen Schwerpunkt auf „die Entwicklung und den Ausbau von Startfähigkeiten für alle Nutzlastklassen und Anwendungsfälle“. Denn ein unabhängiger Zugang zum All ist laut Antwort „Grundvoraussetzung für den Aufbau, den Betrieb und die Weiterentwicklung ausnahmslos aller Elemente einer resilienten Weltrauminfrastruktur“. Derzeit befinde sich die Integration des Raumfahrtbereichs in das BMFTR in seiner finalen Umsetzung. Ob die Raumfahrtstrategie der Bundesregierung neu aufgesetzt werde, entscheide sich nach dem Abschluss dieses Integrationsprozesses, heißt es in der Antwort. Die in der Antwort genannten geplanten Ausgaben für Raumfahrt in den kommenden vier Jahren beruhen noch auf dem Regierungsentwurf 2026 und beziehen Änderungen aus der Bereinigungssitzung nicht mit ein."
2025-11-20T00:00:00,Entwicklung der Teilnehmerzahlen bei Ansitzdrückjagden,https://www.bundestag.de/presse/hib/kurzmeldungen-1127458,Heute im Bundestag,"Berlin: (hib/NKI) Die Entwicklung der Teilnehmerzahlen im Bereich der Liegenschaften der Bundesforstbetriebe bei sogenannten Ansitzdrückjagden - bei denen ein oder mehrere Jäger das Wild schießen, und bei der im Gegensatz zur Bewegungsjagden dem Schützen die Tiere nicht von Treibern oder Hunden zugetrieben werden - ist Thema einer Kleinen Anfrage ( ) der AfD-Fraktion. Die Fragesteller halten es in diesem Zusammenhang für wichtig, die genannten kritischen Aspekte, die insbesondere mit größeren Ansitzdrückjagden verbunden sein könnten, näher zu hinterfragen und zu analysieren. Die Abgeordneten wollen von der Bundesregierung unter anderem wissen, wie sich die Teilnehmerzahlen bei gemeinschaftlichen Ansitzdrückjagden in den letzten 20 Jahren im Bereich der Liegenschaften der Bundesforstbetriebe entwickelt haben, und ob es bei der Vermarktung von Wildbret, das im Rahmen von Ansitzdrückjagden erlegt wurde, im Vergleich zu dem im Rahmen von Einzelansitzen erlegten Wild in den letzten zehn Jahren zu einer geringeren Nachfrage oder zu Preisabschlägen gekommen ist."
2025-11-20T00:00:00,Politisch rechts motivierte Straftaten,https://www.bundestag.de/presse/hib/kurzmeldungen-1127410,Heute im Bundestag,"Berlin: (hib/CHE) Für den Monat September 2025 sind bislang insgesamt 1.171 Straftaten, darunter 43 Gewalttaten, gemeldet worden, die dem Phänomenbereich „Politisch motivierte Kriminalität -rechts-“ (PMK -rechts-) zugeordnet wurden. Das geht aus einer Antwort ( ) der Bundesregierung auf eine Kleine Anfrage ( ) der Fraktion Die Linke hervor. Die aufgeführten sonstigen politisch rechts motivierten Straftaten beinhalten den Angaben zufolge unter anderem: 791 Propagandadelikte, drei Öffentliche Aufforderungen zu Straftaten, zwei Störungen des öffentlichen Friedens durch Androhung von Straftaten, 106 Volksverhetzungen, 82 Beleidigungen sowie 13 verhetzende Beleidigungen. Eine Aufschlüsselung nach Ländern könne aufgrund der Vorläufigkeit der Angaben und der noch nicht ausermittelten Sachverhalte nicht vorgenommen werden, schreibt die Regierung weiter."
2025-11-20T00:00:00,Förderung deutscher politischer Stiftungen im Ausland,https://www.bundestag.de/presse/hib/kurzmeldungen-1127412,Heute im Bundestag,"Berlin: (hib/AHE) Nach der Arbeit politischer Stiftungen aus Deutschland im Ausland erkundigt sich die AfD-Fraktion in einer Kleinen Anfrage ( ). Die Bundesregierung soll unter anderem Angaben machen zur Förderung des Bundes an Friedrich-Ebert-Stiftung, Friedrich-Naumann-Stiftung für die Freiheit, Hanns-Seidel-Stiftung, Heinrich-Böll-Stiftung, Konrad-Adenauer-Stiftung sowie Rosa-Luxemburg-Stiftung im Jahr 2025 und gegebenenfalls auch Folgejahren. Die Abgeordneten schreiben von einer „Nebenaußenpolitik“ dieser Stiftungen und fragen konkret nach Veranstaltungen, Projekten und sonstigen Vorhaben, die durch Bundesmittel gefördert wurden."
2025-11-20T00:00:00,Anpassung von Vorgaben aus dem Chemikaliengesetz,https://www.bundestag.de/presse/hib/kurzmeldungen-1127406,Heute im Bundestag,"Berlin: (hib/BAL) Die Bundesregierung will mittels einer Verordnung ( ) verschiedene Rechtsverordnungen, die auf Basis des Chemikaliengesetzes erlassen wurden, an europäisches Recht anpassen. In erster Linie diene die neue Verordnung der Anpassung der Chemikalien-Ozonschichtverordnung (ChemOzonSchichtV) an die EU-Verordnung 2024/590 des Europäischen Parlaments und des Rates vom 7. Februar 2024 über Stoffe, die zum Abbau der Ozonschicht führen, erklärt die Regierung in der Zielbeschreibung des Gesetzentwurfs. Für die Verordnung ist die Zustimmung des Bundestags erforderlich."
2025-11-20T00:00:00,Betrugsfälle bei Einzelcoachings durch Jobcenter,https://www.bundestag.de/presse/hib/kurzmeldungen-1127408,Heute im Bundestag,"Berlin: (hib/CHE) Die Bundesregierung äußert sich zum jetzigen Zeitpunkt nicht zu einem Ermittlungsverfahren, das die Generalstaatsanwaltschaft Berlin wegen banden- und gewerbsmäßigen Betrugs bei öffentlich finanzierten Einzelcoachings von Jobcentern durchführt. Die Ermittlungen liefen noch, so dass aktuell keine abschließenden Erkenntnisse vorlägen, schreibt die Regierung in einer Antwort ( ) auf eine Kleine Anfrage ( ) der AfD-Fraktion. Die Regierung könne aber nicht endgültig ausschließen, dass es durch vorsätzliches strafbares Handeln Einzelner oder Mehrerer zu Schädigungen zu Lasten von Agenturen für Arbeit (BA) oder von Jobcentern kommen könne, sie habe jedoch keine Kenntnis davon, dass sich strafrechtliche Ermittlungen gegen gegenwärtige oder frühere Mitarbeiterinnen und Mitarbeiter der BA oder der Jobcenter richten."
2025-11-20T00:00:00,Verordnung zu fluorierten Treibhausgasen,https://www.bundestag.de/presse/hib/kurzmeldungen-1127404,Heute im Bundestag,"Berlin: (hib/BAL) Die Bundesregierung hat die „Verordnung zur Durchführung der Verordnung (EU) 2024/573 über fluorierte Treibhausgase“ in den Bundestag eingebracht ( ). Sie bittet darin um die Herbeiführung der Zustimmung des Deutschen Bundestags aufgrund des Paragraphen 67 Kreislaufwirtschaftsgesetz. „Mit der neuen Verordnung (EU) 2024/573 über fluorierte Treibhausgase (im Folgenden: neue F-Gas-Verordnung) soll sichergestellt werden, dass der F-Gas-Sektor einen Beitrag zum Erreichen der Klimaschutzziele leistet“, beschreibt der Normenkontrollrat die Verordnung in seiner Stellungnahme. Ziel sei es, Emissionen von F-Gasen zu vermeiden und Hürden beim Umstieg auf Alternativen abzubauen."
2025-11-18T00:00:00,Diplomatische Beziehungen mit dem Heiligen Stuhl,https://www.bundestag.de/presse/hib/kurzmeldungen-1127294,Heute im Bundestag,Berlin: (hib/AHE) Nach den diplomatischen Beziehungen Deutschlands mit dem Heiligen Stuhl erkundigt sich die AfD-Fraktion in einer Kleinen Anfrage ( ). Die Bundesregierung soll unter anderem Auskunft geben zu Austauschformaten über außen- und friedenspolitische Themen und zur Abstimmung oder Kooperation in Bezug auf internationale Konflikte seit 2015. Außerdem fragen die Abgeordneten nach „potenziellen gemeinsamen Vermittlungsinitiativen mit dem Heiligen Stuhl im Konflikt zwischen Russland und der Ukraine“.
2025-11-18T00:00:00,Daten zu Steuerstrafverfahren,https://www.bundestag.de/presse/hib/kurzmeldungen-1127292,Heute im Bundestag,"Berlin: (hib/BAL) 50.018 Steuerstrafverfahren haben Finanzämter im Jahr 2024 rechtskräftig abgeschlossen. Staatsanwaltschaften und Gerichte haben 11.729 Steuerstrafverfahren rechtlich abgeschlossen. Diese Zahlen führt die Bundesregierung in einer tabellarischen Zeitreihe seit dem Jahr 2016 in ihrer Antwort ( ) auf eine Kleine Anfrage der AfD-Fraktion mit dem Titel „Verfahrensstände der Aufarbeitung zu Panama-, Paradise- und Pandora Papers“ ( ) auf. Durch die Steuerfahndung seien 2024 2,6 Milliarden Euro Mehrsteuern festgestellt worden. „Angaben zu auf der Grundlage der Auswertung der Panama Papers, Paradise Papers und Pandora Papers durch die Steuerfahndungen festgestellten Mehrsteuern liegen der Bundesregierung nicht vor“, heißt es in der Antwort weiter."
2025-11-18T00:00:00,Zahl offener Haftbefehle gegen rechts motivierte Personen,https://www.bundestag.de/presse/hib/kurzmeldungen-1127276,Heute im Bundestag,"Berlin: (hib/STO) Zum Stichtag 31. März 2025 haben laut Bundesregierung im Polizeilichen Informationssystem (Inpol-Z) 714 offene nationale, das heißt noch nicht vollstreckte Haftbefehle gegen 535 Personen vorgelegen, die dem Phänomenbereich der politisch rechts motivierten Kriminalität zugeordnet waren. 115 hielten sich zum genannten Stichtag mutmaßlich im Ausland auf, davon alleine 20 in Polen und 13 in Österreich, wie aus der Antwort der Bundesregierung ( ) auf eine Kleine Anfrage der Fraktion Die Linke ( ) weiter hervorgeht. Danach hat die Bundespolizei von Januar bis September dieses Jahres vorläufigen Zahlen zufolge 687 der politisch rechts motivierten Kriminalität zugeordnete Deutsche bei der Einreise in die Bundesrepublik kontrolliert, bei denen in 13 Fällen offene Haftbefehle vorlagen."
2025-11-18T00:00:00,Cybersicherheit im Geschäftsbereich des Agrarministeriums,https://www.bundestag.de/presse/hib/kurzmeldungen-1127274,Heute im Bundestag,"Berlin: (hib/MIS) „Nach sorgfältiger Abwägung ist die Bundesregierung zu der Auffassung gelangt, dass die Beantwortung der Kleinen Anfrage der AfD-Fraktion ( ) mit dem Titel “Cybersicherheit und Stellenentwicklung im Bereich IT-Sicherheit im Geschäftsbereich des Bundesministeriums für Landwirtschaft, Ernährung und Heimat„(BMLEH) nicht durchgängig vollständig erfolgen kann.“ Das erklärt die Bundesregierung in Ihrer Antwort ( ) auf die Kleine Anfrage der AfD-Abgeordneten. Zur Begründung heißt es in der Regierungsantwort, dass die IT-Infrastruktur der Bundesregierung jeden Tag einer Vielzahl unterschiedlicher Angriffe ausgesetzt sei. Zur Aufrechterhaltung der Staats- und Regierungsfunktion sei diese Infrastruktur angemessen zu schützen. Eine Beeinträchtigung oder sogar ein Ausfall aufgrund erfolgreicher Cyberangriffe müsse auch in der Zukunft bestmöglich verhindert werden. Informationen zu sämtlichen im BMLEH und dessen Geschäftsbereichsbehörden eingesetzten IT-Sicherheitsprodukten, zu Rechenzentren, Sicherheitsüberprüfungen, Maßnahmen gegen Cyberangriffe und für IT-Sicherheit bezögen sich unmittelbar auf die Fähigkeiten der Abwehr von Cybergefährdungen der Bundesbehörden. Ein Bekanntwerden der detaillierten Information würde das Staatswohl gefährden, denn damit würde es etwaigen Angreifern ermöglicht, konkrete Hinweise zu den im BMLEH eingesetzten Schutzmaßnahmen zu erhalten."
2025-11-18T00:00:00,AfD fordert ETF-Sparplan für die Rente,https://www.bundestag.de/presse/hib/kurzmeldungen-1127268,Heute im Bundestag,"Berlin: (hib/CHE) Einen ETF-Sparplan für die Rente fordert die AfD-Fraktion in einem Antrag ( ). Zur Begründung schreiben die Abgeordneten: „Zusätzliche kapitalgedeckte Elemente können die Altersvorsorge sinnvoll ergänzen. Eine wertpapierbasierte Vorsorge erfordert zwar einen langfristigen Anlagehorizont, ermöglicht aber die Risiken des Kapitalmarktes abzufedern und bei überschaubarem Mitteleinsatz den Zinseszinseffekt wirksam zu nutzen. Die bestehenden Instrumente der dritten Säule - insbesondere Riester-Rente und Rürup-Rente - haben sich in der Praxis vielfach als unzureichend erwiesen, da sie häufig mit hohen Kosten, geringen Renditen und mangelnder Transparenz verbunden sind.“ Das regelmäßige Ansparen in börsengehandelte Indexfonds (Exchange Traded Funds) - habe sich als breit gestreute, flexible und kostengünstige Lösung etabliert. Die Fraktion fordert unter anderem, das Sparen in UCITS-regulierten ETFs und Fonds (Aktienfonds, Rentenfonds, Mischfonds) als zertifizierbare Form der privaten Altersvorsorge nach dem Altersvorsorgeverträge-Zertifizierungsgesetz zuzulassen und die Einrichtung von geschützten Altersvorsorge-Depots mit Sperrvermerken zu regeln, um Pfändungsschutz, Verwertungsausschluss und Nichtbeleihbarkeit sicherzustellen. Außerdem soll die Einrichtung staatlich verwalteter Fonds oder im besonderen Maße staatlich regulierter Fonds als zusätzliche Anlageoption für das ETF-/ Fondssparen für die private Altersvorsorge geprüft werden."
2025-11-18T00:00:00,AfD-Fraktion fragt nach E-Mails von Olaf Scholz,https://www.bundestag.de/presse/hib/kurzmeldungen-1127278,Heute im Bundestag,"Berlin: (hib/BAL) Die AfD-Fraktion thematisiert in einer Kleinen Anfrage ( ) Cum-Ex-Geschäfte und damit verbunden E-Mails und Kalendereinträge von Olaf Scholz aus seiner Zeit als Bundesfinanzminister. Sie will von der Bundesregierung unter anderem wissen, ob diese ausschließen könne, dass entsprechende E-Mails und Kalendereinträge mittlerweile gelöscht seien. Auch nach E-Mails und Kalendereinträgen aus Scholz Zeit als Bundeskanzler erkundigen sich die Abgeordneten."
2025-11-18T00:00:00,Etat 2026: Umfangreiche Anpassungen im Forschungsetat,https://www.bundestag.de/presse/hib/kurzmeldungen-1127266,Heute im Bundestag,"Berlin: (hib/SCR) Der Einzelplan des Bundesministeriums für Forschung, Technologie und Raumfahrt sieht im kommenden Jahr Ausgaben in Höhe von 21,82 Milliarden Euro (2025: 22,36 Milliarden Euro) vor. Das sind 559,27 Millionen Euro mehr als im Regierungsentwurf (Einzelplan 30, ). Der vom Haushaltsausschuss in seiner Bereinigungssitzung zum Bundeshaushalt 2026 beschlossene Haushaltsplan sieht zudem Verpflichtungsermächtigungen in Höhe von 6,40 Milliarden Euro vor, 96,89 Millionen Euro mehr als im Regierungsentwurf. Das Ministerium bewirtschaftet zudem diverse Titel im Sondervermögen Infrastruktur und Klimaneutralität sowie im Klima- und Transformationsfonds. Der Ausschuss beschloss auf Grundlage der Bereinigungsvorlage des Bundesfinanzministeriums zahlreiche Änderungen an dem Einzelplan. Das Gros davon geht auf die Anpassung des Haushalts an die neuen Zuständigkeiten und Zuschnitte der Ministerien zurück, die im Haushalt 2025 und im Regierungsentwurf 2026 noch nicht abgebildet waren. So werden in diesem Einzelplan nun die Raumfahrtausgaben veranschlagt, die bislang im Einzelplan 09 geführt worden waren. Die meisten bildungsbezogenen Ausgaben sind aus dem Einzelplan 30 in den Einzelplan 17 umgesetzt worden. Die Koalitionsfraktionen von CDU/CSU und SPD setzten in der Bereinigungssitzung zudem noch eine ganze Reihe weiterer Änderungen an dem Einzelplan durch. Gefördert werden soll demnach unter anderem der Aufbau von drei Kompetenznetzwerken. Für ein Kompetenznetzwerk für jüdische Gegenwartskultur stehen im kommenden Jahr zwei Millionen Euro zur Verfügung und insgesamt sechs Millionen Euro in den darauffolgenden Jahren. 500.000 Euro sind im nächsten Jahr aus dem Ansatz für zivile Sicherheitsforschung für den Aufbau eines Kompetenznetzwerkes für strategische Sicherheitsforschung reserviert, in den Folgejahren sollen insgesamt bis zu 1,5 Millionen Euro fließen. Für ein Kompetenznetzwerk unabhängiger Chinawissenschaften sind 2026 800.000 Euro zusätzlich in den Haushalt eingestellt worden, weitere insgesamt 5,4 Millionen Euro sind als Verpflichtungsermächtigung für die kommenden Haushaltsjahre veranschlagt. Bevor die Mittel für die Kompetenznetzwerke fließen können, ist dem Haushaltsausschuss jeweils ein Konzept vorzulegen, heißt es in den entsprechenden Haushaltsvermerken. Zudem sind im Titel „Innovativer Transfer; regionale Innovationsökosysteme, Forschung an Hochschulen für Angewandte Wissenschaften“ im kommenden Jahr 50 Millionen Euro für eine Transferinitiative sowie weitere 8,68 Millionen Euro als Verpflichtungsermächtigung dafür ausgebracht. Nach Willen der Koalition sind aber auch diese Mittel vorerst gesperrt und an die Vorlage eines Konzeptes für die Initiative gebunden. Aus dem Einzelplan sollen im kommenden Jahr zudem 35 Millionen Euro für die „Nationale Dekade gegen Postinfektiöse Erkrankungen“ fließen. Weitere 114 Millionen Euro haben CDU/CSU und SPD für die darauffolgenden Haushaltsjahre veranschlagt. Auch die Mittel zur Förderung der Computerspielentwicklung auf Bundesebene und zur Umsetzung der Strategie für den Games-Standort Deutschland und den Computerspielpreis finden sich nun im von Bundesministerin Dorothee Bär (CSU) verantworteten Etat. Nach Willen der Koalitionsfraktionen sollen von den 124,56 Millionen Euro, die im kommenden Jahr dafür fließen sollen, nunmehr 400.000 Euro für die Initiative „Womenize!“ zur Stärkung von Frauen in der Gaming-Industrie eingesetzt werden. Zudem soll ein Bafög-Chatbot aufgebaut werden. Dafür haben die Koalitionsfraktionen 500.000 Euro vorgesehen. Bevor die Mittel fließen, soll der Haushaltsausschuss ein Konzept dazu vorgelegt bekommen."
2025-11-18T00:00:00,Cybersicherheit im Familienministerium,https://www.bundestag.de/presse/hib/kurzmeldungen-1127272,Heute im Bundestag,"Berlin: (hib/CHE) Nach sorgfältiger Abwägung ist die Bundesregierung zu der Auffassung gelangt, dass die Beantwortung der Kleinen Anfrage ( ) der AfD-Fraktion zur Cybersicherheit nicht durchgängig vollständig erfolgen kann. Dies schreibt sie in einer Antwort ( ) auf Fragen der Fraktion, die sich nach der Cybersicherheit und Stellenentwicklung im Bereich IT-Sicherheit im Geschäftsbereich des Bundesministeriums für Bildung, Familie, Senioren, Frauen und Jugend erkundigt hatte. „Bereits wenige Kenntnisse über mögliche Schwachstellen reichen Cyberkriminellen oder staatlichen Akteuren aus, um die gesamte IT-Infrastruktur von Behörden unbrauchbar zu machen“, so die Bundesregierung."
2025-11-18T00:00:00,Übernahme von Commerzbankanteilen durch die Unicredit,https://www.bundestag.de/presse/hib/kurzmeldungen-1127282,Heute im Bundestag,"Berlin: (hib/BAL) Die AfD-Fraktion richtet in einer Kleinen Anfrage eine Reihe von Fragen an die Bundesregierung zur Übernahme von Commerzbank-Anteilen durch die Italienische Großbank Unicredit ( ). Darin thematisiert sie auch die Rolle des früheren Bundesfinanzministers Christian Lindner (FDP). Konkret fragt die AfD-Fraktion unter Verweis auf eine umfangreiche Vorbemerkung in der Kleinen Anfrage nach der Auffassung der Bundesregierung zu dem Umstand, „dass der ehemalige Bundesfinanzminister Christian Lindner in einer Agentur tätig wird, die die italienische Bank UniCredit bei der Übernahme der Commerzbank berät“."
2025-11-18T00:00:00,Keine Schwerpunktprüfungen der FKS in der Forstwirtschaft,https://www.bundestag.de/presse/hib/kurzmeldungen-1127270,Heute im Bundestag,"Berlin: (hib/BAL) In den Jahren 2015 bis 2025 haben keine bundesweiten Schwerpunktprüfungen der beim Zoll angesiedelten Einheit Finanzkontrolle Schwarzarbeit (FKS) im Bereich der Forstwirtschaft stattgefunden. Das schreibt die Bundesregierung in ihrer Antwort ( ) auf eine Kleine Anfrage der Fraktion Die Linke ( ). Zugleich erklärt sie, dass die FKS „für die wirksame Bekämpfung von Schwarzarbeit und illegaler Beschäftigung gut aufgestellt“ sei und erfolgreich arbeite. Besondere Anforderungen an eine Ausstattung für Prüfungen in der Forstwirtschaft bestünden nicht. Der Bundestag hat vergangene Woche das Gesetz „zur Modernisierung und Digitalisierung der Schwarzarbeitsbekämpfung“ ( ) beschlossen. Es sieht unter anderem eine Veränderung der Schwerpunktbranchen für Prüfungen im Kampf gegen Schwarzarbeit vor. Link zum Bericht über die Entscheidung im Bundestag:"
2025-11-18T00:00:00,Linksfraktion thematisiert Details zur Aktivrente,https://www.bundestag.de/presse/hib/kurzmeldungen-1127280,Heute im Bundestag,"Berlin: (hib/BAL) Eine Kleine Anfrage zur Einführung der Aktivrente hat die Fraktion Die Linke gestellt ( ). Unter anderem will sie von der Bundesregierung wissen, welche Faktoren auf dem Arbeitsmarkt verhindern, dass Beschäftigte über das Renteneintrittsalter hinaus weiterarbeiten. Der Entwurf der Bundesregierung zum Aktivrentengesetz ( ) ist am vergangenen Freitag in erster Lesung im Bundestag debattiert worden. Link zum Bericht der ersten Lesung:"
2025-11-18T00:00:00,Nutzen-Kosten-Verhältnis bei Straßenbauprojekten,https://www.bundestag.de/presse/hib/kurzmeldungen-1127232,Heute im Bundestag,"Berlin: (hib/HAU) Die Grundlagen für das Nutzen-Kosten-Verhältnis (NKV) von Bundesverkehrswegeplan-Projekten des Bedarfsplans Straße thematisiert die Fraktion Bündnis 90/Die Grünen in einer Kleinen Anfrage ( ). Die Abgeordneten wollen unter anderem wissen, welche Nutzen- und Kostenkomponenten im Vergleich zum Bewertungsmethodik-Stand 2016 ergänzt, geändert oder gestrichen wurden."
2025-11-18T00:00:00,Unterstützung für pflegende An- und Zugehörige,https://www.bundestag.de/presse/hib/kurzmeldungen-1127220,Heute im Bundestag,"Berlin: (hib/PK) Die geplante Reform der sozialen Pflegeversicherung umfasst nach Angaben der Bundesregierung auch die Situation der pflegenden An- und Zugehörigen. Im Rahmen des Zukunftspakts Pflege würden sämtliche Leistungsbausteine der Pflegeversicherung auf ihre Wirksamkeit und Zielgenauigkeit hin überprüft, heißt es in der Antwort ( ) der Bundesregierung auf eine Kleine Anfrage ( ) der Linksfraktion. Dies schließe insbesondere Vorkehrungen zur Verbesserung der Situation der pflegenden An- und Zugehörigen sowie Fragen der Prävention und eines ausreichenden Zugangs zur pflegerischen Versorgung mit ein. Die Facharbeitsgruppe „Versorgung“ habe unter anderem Empfehlungen für eine fachpflegerische Begleitung, ein Case Management für Pflegebedürftige und ihre An- und Zugehörigen sowie Vorschläge für eine verbesserte Versorgung in pflegerischen Akutsituationen erörtert. Die Bund-Länder-Arbeitsgruppe habe diese Empfehlungen am 13. Oktober 2025 beraten und in die weiteren Arbeiten aufgenommen. Der Zukunftspakt Pflege wird den Angaben zufolge bis Ende des Jahres 2025 Vorschläge zur Weiterentwicklung der Pflegeversicherung vorlegen. Das Ziel sei, die soziale Pflegeversicherung finanziell und strukturell zukunftsfest zu gestalten und Pflegebedürftige sowie ihre An- und Zugehörigen auch zukünftig verlässlich zu unterstützen. Nach den Ergebnissen des Sozio-Ökonomischen Panels (SOEP), einer repräsentativen Haushaltsbefragung, haben der Antwort zufolge 2023 knapp sieben Millionen Menschen an Werktagen pflegebedürftige Personen versorgt oder betreut."
2025-11-18T00:00:00,AfD thematisiert Lärmbelastung durch Autobahnbrücken,https://www.bundestag.de/presse/hib/kurzmeldungen-1127230,Heute im Bundestag,"Berlin: (hib/HAU) Die Lärmbelastung durch Autobahnbrücken stellt die AfD-Fraktion in den Mittelpunkt einer Kleinen Anfrage ( ). Studien zeigten, dass die durchschnittliche Lärmbelastung des Verkehrs auf Brücken um 10 dB höher ist als die durchschnittliche Lärmbelastung auf Straßen, schreiben die Abgeordneten. In der Vorlage werden die Talbrücken Schwarza und Rotes Tal bei Kühndorf (Thüringen) in den Blick genommen. Ob und mit welchem Ergebnis Lärmmessungen im Umfeld der Brücken stattgefunden haben, will der AfD-Fraktion wissen. Gefragt wird auch, welche Maßnahmen bisher ergriffen wurden, um Lärmbelastungen durch den Verkehr auf der Bundesautobahn A 71 beziehungsweise auf den Talbrücken Schwarza und Rotes Tal für die Anwohner in Kühndorf zu reduzieren."
2025-11-18T00:00:00,Linke fragen nach Anforderungen für Endlager Schacht Konrad,https://www.bundestag.de/presse/hib/kurzmeldungen-1127224,Heute im Bundestag,"Berlin: (hib/NKI) Die Fraktion Die Linke erkundigt sich in einer Kleinen Anfrage ( ) nach dem Schutz des Grundwassers im Atommüll-Endlager Schacht Konrad. Die Bundesregierung soll unter anderem beantworten, welche wassergefährdenden Stoffe in welchen Mengen eingelagert werden sollen und wer dazu die Erlaubnis erteilt hat."
2025-11-18T00:00:00,Linke fragt nach öffentlichen Toiletten in Bahnhöfen,https://www.bundestag.de/presse/hib/kurzmeldungen-1127234,Heute im Bundestag,"Berlin: (hib/HAU) Wie viele Bahnhöfe und Haltepunkte der Deutschen Bahn AG (DB) mit öffentlich zugänglichen Toilettenanlagen ausgestattet sind, möchte die Fraktion Die Linke wissen. In ihrer Kleinen Anfrage ( ) mit dem Titel „Toiletten an Bahnhöfen als Teil der öffentlichen Daseinsvorsorge“, schreiben die Abgeordneten, eine funktionierende Toilettenversorgung müsse Teil der grundlegenden Infrastruktur des öffentlichen Raumes sein. Gerade in Zeiten häufiger Zugausfälle und Verspätungen, wenn viele Menschen länger am Bahnhof ausharren müssten, brauche es insbesondere an Bahnhöfen verlässliche Anlagen. Gefragt wird unter anderem nach dem Preis für die Toilettennutzung kostenpflichtiger Toilettenanlagen und nach bundeseinheitlichen Regelungen für die Ausstattung von Bahnhöfen oder Haltepunkten mit Toiletten in den letzten 35 Jahren. Wie die Bundesregierung ihre Rolle in der Bereitstellung der öffentlichen sanitären Infrastruktur insbesondere an Bahnhöfen sieht, interessiert die Linksfraktion ebenfalls."
2025-11-18T00:00:00,1.979 Todesfälle durch Tuberkulose seit 2010,https://www.bundestag.de/presse/hib/kurzmeldungen-1127222,Heute im Bundestag,"Berlin: (hib/PK) Zwischen 2010 und 2024 sind in Deutschland 1.979 Todesfälle durch Tuberkulose gemeldet worden. Das geht aus der Antwort ( ) der Bundesregierung auf eine Kleine Anfrage ( ) der AfD-Fraktion hervor. Die meisten Todesfälle wurden 2012 registriert. Die Zahlen schwanken in dem Zeitraum zwischen 100 und 164 pro Jahr. Tuberkulose ist eine ansteckende bakterielle Infektionskrankheit, ausgelöst durch das Mycobacterium tuberculosis. Oft wird die Lunge befallen, es können aber auch andere Organe betroffen sein. Die Erkrankung kann in der Regel mit verschiedenen Antibiotika gut behandelt werden."
2025-11-18T00:00:00,Cybersicherheit im Bundesumweltministerium,https://www.bundestag.de/presse/hib/kurzmeldungen-1127218,Heute im Bundestag,"Berlin: (hib/NKI) Die IT-Sicherheitslage habe sich „in allen Dimensionen deutlich verschärft“. Cyberbedrohungen seien im vergangenen Jahr von diversen Angreifer-Gruppen ausgegangen, und „die Angriffsflächen vergrößerten sich mit der weiter fortschreitenden Digitalisierung“. Das schreibt die Bundesregierung in ihrer Antwort ( ) auf eine Kleine Anfrage ( ) der AfD-Fraktion und macht deutlich, dass man nach sorgfältiger Abwägung zu der Auffassung gelangt sei, dass die Beantwortung zu Fragen der Cybersicherheit und Stellenentwicklung im Bereich IT-Sicherheit im Geschäftsbereich des Bundesministeriums für Umwelt, Klimaschutz, Naturschutz und nukleare Sicherheit „nicht durchgängig vollständig erfolgen kann“. Würden potenzielle Angreifer detaillierte Kenntnis über Geheimhaltungsbedürftigkeit der Informationen über das Ministerium erhalten, wäre ein Angriff auf das Haus deutlich einfacher zu gestalten und mit höherer Erfolgsaussicht verbunden, heißt es in der Antwort. Der Bundesregierung zufolge findet eine regelmäßige Beratung mit dem Bundesamt für Sicherheit in der Informationstechnik (BSI) zur Abwehr von Gefahren für die Sicherheit der Informationstechnik des Bundes statt. Das IT-Sicherheitsniveau werde außerdem durch einen kontinuierlichen Verbesserungsprozess aufrechterhalten. Die Kritikpunkte des Bundesrechnungshofes würden in diesem Prozess berücksichtigt, heißt es vonseiten der Bundesregierung."
2025-11-18T00:00:00,Boni für Vorstand und Aufsichtsrat der DB AG thematisiert,https://www.bundestag.de/presse/hib/kurzmeldungen-1127228,Heute im Bundestag,"Berlin: (hib/HAU) Boni für Vorstandsmitglieder und Aufsichtsratsmitglieder der Deutsche Bahn AG (DB AG) thematisiert die AfD-Fraktion in einer Kleinen Anfrage ( ). Der Vorstand der DB AG habe für das Geschäftsjahr 2024 eine Vergütung von 10,11 Millionen Euro erhalten, wovon 2,93 Millionen Euro „variable Vergütungen“ gewesen seien, schreiben die Abgeordneten. Sie wollen nun von der Bundesregierung unter anderem wissen, ob Presseberichte zutreffend sind, wonach die festen Vergütungen für die Vorstandsmitglieder der DB AG von 3,92 Millionen Euro für das Geschäftsjahr 2022 auf 7,07 Millionen Euro für das Geschäftsjahr 2024 angehoben wurden. Gefragt wird auch nach den Bewertungskriterien für Auszahlungen der variablen Vergütungen."
2025-11-18T00:00:00,Regierung setzt Ausschuss für nachhaltige Entwicklung ein,https://www.bundestag.de/presse/hib/kurzmeldungen-1127216,Heute im Bundestag,"Berlin: (hib/VOM) „Nachhaltigkeit für ein modernes und zukunftsfähiges Deutschland“ ist ein Beschluss der Bundesregierung überschrieben, den sie als Unterrichtung ( ) vorgelegt hat. Darin heißt es, die Regierung wolle ihre Nachhaltigkeitspolitik strategischer und effizienter ausrichten. So solle die Deutsche Nachhaltigkeitsstrategie in Form eines Aktionsplans weiterentwickelt werden. Es solle aufgezeigt werden, dass die Nachhaltigkeitsziele die Richtschnur „für ein freies, sicheres, gerechtes und wohlhabendes Deutschland“ bieten. Im Aktionsplan sollen „Missionen“ zu allen 17 Bereichen der Agenda 2030 der Vereinten Nationen für nachhaltige Entwicklung aufgelegt werden, um bis zum Ende der Wahlperiode konkrete Verbesserungen für Bürger und Wirtschaft nicht nur in Deutschland, sondern auch auf europäischer und internationaler Ebene zu erreichen. Nachhaltige Entwicklung müsse unter anderem durch bessere und schnellere Verfahren und mehr Bürgernähe im Alltag erlebbar sein, schreibt die Bundesregierung. Staatsmodernisierung und Digitalisierung würden dabei einen Schwerpunkt bilden. Als ressortübergreifendes Gremium zur Steuerung und Koordinierung wird dem Beschluss zufolge der Staatssekretärsausschuss für Nachhaltige Entwicklung und Zukunftsfragen unter dem Vorsitz des Chefs des Bundeskanzleramtes neu eingesetzt. Er soll den Aktionsplan mit „Missionen“ in fünf Handlungsfeldern erarbeiten: erstens „Leistungsfähiger Staat und nachhaltige, langfristig tragfähige Staatsfinanzen“, zweitens „Leistungsfähige, nachhaltige Wirtschaft sowie dauerhaft hohes, nachhaltiges Wirtschaftswachstum“, drittens „Soziale Gerechtigkeit, gleichwertige Lebensverhältnisse und gesellschaftlicher Zusammenhalt“, viertens „Bewahrung der natürlichen Lebensgrundlagen“ und fünftens „Internationale Verantwortung und Zusammenarbeit“. Laut Beschluss kann der Ausschuss dem Rat für Nachhaltige Entwicklung Aufträge erteilen. Neben dem Rat werde auch der Parlamentarische Beirat für nachhaltige Entwicklung und Zukunftsfragen des Bundestages in die Erarbeitung des Aktionsplans und dessen Umsetzung einbezogen."
2025-11-18T00:00:00,AfD thematisiert Bundesförderung für „ausgeflaggte“ Schiffe,https://www.bundestag.de/presse/hib/kurzmeldungen-1127226,Heute im Bundestag,"Berlin: (hib/HAU) „Förderung von ausgeflaggten Schiffen durch die Bundesrepublik Deutschland“ lautet der Titel einer Kleinen Anfrage der AfD-Fraktion ( ). Darin schreiben die Abgeordneten, die Bundesregierung habe einräumen müssen, dass 71 Schiffe, die nicht unter deutscher Flagge fahren, also „ausgeflaggt“ wurden, in den letzten sieben Jahren von Deutschland mit fast 53 Millionen Euro finanziell gefördert wurden. Die AfD-Fraktion will nun wissen, wie viele Anträge auf Fördermittel für ausgeflaggte Schiffe in welchem Volumen aktuell vorliegen oder in Bearbeitung sind und wie viele derartige Förderanträge die Bundesregierung in den kommenden fünf Jahren erwartet. Ob es das Ziel der Bundesregierung ist, die Umrüstung auf LNG-Antrieb jedes Schiffes, das sich im Eigentum einer in Deutschland ansässigen Reederei befindet, auch wenn es ausgeflaggt wurde, aus Steuermitteln zu fördern, interessiert die Abgeordneten ebenfalls."
2025-11-18T00:00:00,Grüne erkundigen sich nach ermäßigtem Umsatzsteuersatz,https://www.bundestag.de/presse/hib/kurzmeldungen-1127196,Heute im Bundestag,"Berlin: (hib/BAL) 49 Fragen zu entsprechenden Produktkategorien, für die der ermäßigte Satz in der Umsatzsteuer gilt, hat die Fraktion Bündnis 90/Die Grünen eingereicht ( ). Sie will von der Bundesregierung zu jeder dieser Produktkategorien wissen, wann der ermäßigte Satz eingeführt worden sei, was der Grund dafür gewesen sei, wie hoch die Mindereinnahmen des Staates seien und welche Abgrenzungsprobleme es gebe."
2025-11-18T00:00:00,Etat 2026: Deutlich mehr Mittel für Freiwilligendienste,https://www.bundestag.de/presse/hib/kurzmeldungen-1127194,Heute im Bundestag,"Berlin: (hib/SCR) Der Haushaltsausschuss hat in seiner Bereinigungssitzung am Freitag erhebliche Änderungen am Einzelplan des Bundesministeriums für Bildung, Familie, Senioren, Frauen und Jugend beschlossen. Die Ausgaben sollen demnach mit 16,66 Milliarden Euro (2025: 14,20 Milliarden Euro) um 1,95 Milliarden Euro höher ausfallen als im Regierungsentwurf ( , Einzelplan 17). Grund hierfür sind die umfangreichen Umsetzungen von Haushaltstiteln aus anderen Einzelplänen, um die neuen Zuständigkeiten und Zuschnitte der Ministerien abzubilden, die im Haushalt 2025 und im Regierungsentwurf 2026 noch nicht abgebildet waren. So ist im Einzelplan 17 nunmehr das Kapitel „Leistungsfähigkeit des Bildungswesens“ aufgeführt, das bislang im Einzelplan 30 veranschlagt war. Die im Haushalt 2026 ausgebrachten Verpflichtungsermächtigungen in diesem Einzelplan belaufen sich auf 1,96 Milliarden Euro, also 957,43 Millionen Euro mehr als im Regierungsentwurf. Neben den Änderungen auf Grundlage der Bereinigungsvorlage des Bundesfinanzministeriums beschloss der Ausschuss zudem noch Änderungsanträge der Koalitionsfraktionen von CDU/CSU und SPD. Deutlich erhöht werden die Mittel für die Freiwilligendienste, und zwar um 33 Millionen Euro auf 153,68 Millionen Euro. Die Verpflichtungsermächtigung fällt mit 153,68 Millionen Euro um 33 Millionen Euro höher aus als im Regierungsentwurf. Der Ansatz für den Bundesfreiwilligendienst liegt mit 211,20 Millionen Euro 17 Millionen Euro über dem Regierungsentwurf. Die Koalition erhöhte die Verpflichtungsermächtigung für die darauffolgenden Haushaltsjahre um 80,1 Millionen Euro auf 404,66 Millionen Euro. Auch die Zuweisungen an die Stiftung Frühe Hilfen werden um fünf Millionen Euro auf 56 Millionen Euro erhöht. Mehr Mittel gibt es zudem für „Zuschüsse und Leistungen zur Unterstützung bei ungewollter Kinderlosigkeit sowie für den Ausbau der Hilfen für Schwangere und zur Regelung der vertraulichen Geburt“. In dem Titel stehen mit 10,54 Millionen Euro 2,5 Millionen Euro mehr zur Verfügung als im Regierungsentwurf. Zwei Millionen Euro sind davon zusätzlich für die Bundesinitiative „Hilfe und Unterstützung bei ungewollter Kinderlosigkeit“ vorgesehen. Um jeweils 250.000 Euro höher fällt die Förderung für die Schwangerschaftskonfliktberatungen „donum vitae zur Förderung des Schutzes des menschlichen Lebens e.V.“ und „pro familia“ aus. Ebenfalls mehr Geld gibt es für „Zuschüsse und Leistungen für laufende Zwecke an Länder, Träger und für Aufgaben der freien Jugendhilfe“. Sie fallen mit 261,09 Millionen Euro um 9,83 Millionen Euro höher aus als im Regierungsentwurf. Davon gehen beispielsweise zusätzlich 200.000 Euro an die Fachstelle für internationale Jugendarbeit der Bundesrepublik Deutschland e. V. Für die Erstellung und Erprobung eines E-Learning-Pilotprojekts zum medizinischen und interdisziplinären Kinderschutz durch das Kompetenzzentrum Kinderschutz in der Medizin in Baden-Württemberg sollen im nächsten Jahr 500.000 Euro aus dem Titel zur Verfügung gestellt werden und insgesamt zwei Millionen Euro über vier Jahre. Zwei Millionen Euro sind im kommenden Jahr für die Off Road Kids Stiftung vorgesehen, die laut Änderungsantrag bundesweit Jugendliche und junge Volljährige vor dem Absturz in die Obdachlosigkeit und der Flucht in Großstädte schützt. Der Ansatz für das Programm „Demokratie leben!“ wird hingegen um 4,5 Millionen Euro auf 186,52 Millionen Euro gekürzt. Deutlich angepasst wird auch der bisherige Titel „Zukunftspaket für Bewegung, Kultur und Gesundheit“. Er soll nun unter der Bezeichnung „Zuschüsse und Leistungen für Hilfen und zur vorbeugenden Unterstützung bei psychischen Belastungen von Kindern und Jugendlichen“ firmieren und mit 3,82 Millionen Euro um sechs Millionen Euro geringer ausfallen als im Regierungsentwurf. Erhöht wird die Verpflichtungsermächtigung, und zwar um 1,26 Millionen Euro auf 15 Millionen Euro. Nach Willen der Koalition soll der Titel weiterentwickelt werden, „um den spezifischen Anliegen bei der Prävention von psychischen Belastungen und der Unterstützung von Kindern und Jugendlichen sowie der neuen Schwerpunktausrichtung des Einzelplans zu entsprechen“. Bis zur Vorlage eines Konzeptes dafür sind die Mittel zu 80 Prozent gesperrt. Zudem wird laut Änderungsantrag das Modellprojekt „Mental Health Coaches“ aufgrund zu geringen Nutzens in der Fläche und fehlender nachhaltiger Mittelverwendung beendet."
2025-11-17T00:00:00,Angriffe auf NS-Gedenkstätten thematisiert,https://www.bundestag.de/presse/hib/kurzmeldungen-1127096,Heute im Bundestag,"Berlin: (hib/STO) Angriffe auf NS-Gedenkstätten thematisiert die Fraktion Bündnis 90/Die Grünen in einer Kleinen Anfrage ( ). Darin erkundigt sie sich unter anderem danach, welche Erkenntnisse die Bundesregierung über in Deutschland seit Mitte 2024 erfolgte Angriffe auf NS-Gedenkstätten hat."
2025-11-17T00:00:00,BfV-Überprüfungen zivilgesellschaftlicher Organisationen,https://www.bundestag.de/presse/hib/kurzmeldungen-1127094,Heute im Bundestag,"Berlin: (hib/STO) „Überprüfung zivilgesellschaftlicher Organisationen durch das Bundesamt für Verfassungsschutz“ lautet der Titel einer Kleinen Anfrage ( ) der AfD-Fraktion. Darin erkundigt sie sich danach, wie viele natürliche Personen, die im Rahmen von Programmen des Bundes gefördert wurden oder Förderanträge gestellt haben, auf Ersuchen des Bundesministeriums für Bildung, Familie, Senioren, Frauen und Jugend (BMBFSFJ) seit 2017 bis zum 20. Oktober 2025 durch das Bundesamt für Verfassungsschutz (BfV) überprüft worden sind. Auch will sie wissen, wie viele Ersuchen das Ministerium „in Bezug auf Projektträger seit 2017 bis zum 1. November 2025 jeweils jährlich an das BfV in Bezug auf welches Bundesförderprogramm“ gestellt hat. Ferner fragt sie unter anderem danach, in wie vielen Fällen das BfV verfassungsschutzrelevante Erkenntnisse in Bezug auf die zu überprüfen Projektträger und natürlichen Personen an das Ministerium gemeldet hat."
2025-11-17T00:00:00,Keine detaillierten Angaben zu Maßnahmen für Cybersicherheit,https://www.bundestag.de/presse/hib/kurzmeldungen-1127082,Heute im Bundestag,"Berlin: (hib/JOH) Die Bundesregierung beantwortet eine Kleine Anfrage ( ) der AfD-Fraktion zur Cybersicherheit im Geschäftsbereich des Bundesministeriums für wirtschaftliche Zusammenarbeit und Entwicklung „nach sorgfältiger Abwägung“ nicht vollständig. Ein Bekanntwerden detaillierter Informationen, etwa über eingesetzte IT-Sicherheitsprodukte sowie Anzahl, Ort und Ausstattung von Rechenzentren, würde ihr zufolge das „Staatswohl gefährden, denn damit würde es etwaigen Angreifern ermöglicht, konkrete Hinweise zu den im BMZ eingesetzten Schutzmaßnahmen zu erhalten“, schreibt sie in ihrer Antwort ( ). Angreifer könnten damit Schwachstellen ausmachen und diese gezielt ausnutzen. Der Bundesregierung zufolge findet eine regelmäßige Beratung mit dem Bundesamt für Sicherheit in der Informationstechnik (BSI) zur Abwehr von Gefahren für die Sicherheit der Informationstechnik des Bundes statt. Das IT-Sicherheitsniveau werde außerdem durch einen kontinuierlichen Verbesserungsprozess aufrechterhalten. Die Kritikpunkte des Bundesrechnungshofes würden in diesem Prozess berücksichtigt, betont sie. Weiter heißt es in der Antwort, Stärkung und Schutz der digitalen Sicherheit sei „eine wichtige Zukunftsaufgabe der deutschen Entwicklungszusammenarbeit“. Cybersicherheit werde bereits als Querschnittsaufgabe in allen digitalen Projekten der Entwicklungszusammenarbeit mitgedacht. Diese bestünden aus bilateralen Projekten sowie darüber hinaus aus einzelnen Projekten im multilateralen Rahmen."
2025-11-17T00:00:00,Fragen zu Medikamentenversuchen in der DDR,https://www.bundestag.de/presse/hib/kurzmeldungen-1127078,Heute im Bundestag,"Berlin: (hib/PK) Medikamentenversuche in der DDR sind Thema einer Kleinen Anfrage ( ) der AfD-Fraktion. Im August 2025 habe die Initiative für Gerechtigkeit der Opfer der kommunistischen Diktatur die Bundesregierung, den Bundestag sowie internationale Institutionen über mutmaßliche schwere Menschenrechtsverletzungen im Gesundheitswesen der ehemaligen DDR informiert. Demnach hat es in den 1970er und 1980er Jahren geheime und teils illegale Medikamentenversuche an ahnungslosen Patienten gegeben, darunter schwangere Frauen, Minderjährige und politische Häftlinge. Diese Versuche sollen insbesondere in der Berliner Charité sowie weiteren Kliniken der DDR im Auftrag oder mit Wissen westlicher Pharmaunternehmen unternommen worden sein, heißt es in der Anfrage. Die Abgeordneten fragen, was die Bundesregierung über den Umfang und die Art von Medikamentenversuchen in der DDR weiß, insbesondere betreffend den Zeitraum zwischen 1970 und 1989."
2025-11-17T00:00:00,AfD fordert Stärkung der ambulanten ärztlichen Versorgung,https://www.bundestag.de/presse/hib/kurzmeldungen-1127066,Heute im Bundestag,"Berlin: (hib/PK) Die AfD-Fraktion fordert eine Stärkung der ambulanten ärztlichen Versorgung. Patienten litten unter Wartezeiten auf Arzttermine, niedergelassene Ärzte unter ihren Arbeitsbedingungen. Fehlende Attraktivität für die Niederlassung, wirtschaftlicher Druck wie Inflation und hohe Energiepreise könnten die Situation weiter verschlechtern und künftig auch in weniger betroffenen Regionen zu großen Problemen bei der ambulanten ärztlichen Versorgung führen, heißt es in einem Antrag ( ) der Fraktion. Die Abgeordneten fordern zusätzliche Medizin-Studienplätze, den Wegfall der Ärzte-Budgets, einen Bürokratieabbau und ein gemeinsames Abrechnungs- und Vergütungssystem für ambulante Leistungen, einheitlich für Praxen, Krankenhäuser und den Rettungsdienst."
2025-11-17T00:00:00,Weiteres Verfahren mit der Initiative Green Card,https://www.bundestag.de/presse/hib/kurzmeldungen-1127076,Heute im Bundestag,"Berlin: (hib/MIS) Das weitere Verfahren der Bundesregierung mit der Initiative Green Card ist das Thema einer Kleinen Anfrage ( ) der AfD-Fraktion. Unter anderem wollen die Abgeordneten von der Bundesregierung wissen, welche Position sie zur Initiative Green Card einnimmt, die einen EU-Aktionsplan für pflanzliche Lebensmittel fordert, und ob sie plane, diese Initiative beispielsweise im EU-Rat aktiv zu unterstützen oder die Green Card in die anstehende Reform der Gemeinsamen Agrarpolitik (GAP) nach 2027 einfließen zu lassen. Außerdem soll die Bundesregierung angeben, ob es Evaluierungen zu den potenziellen wirtschaftlichen Auswirkungen der Initiative auf Deutschland gibt."
2025-11-17T00:00:00,Etat 2026: Förderung für Online-Schuldnerberatung,https://www.bundestag.de/presse/hib/kurzmeldungen-1127064,Heute im Bundestag,"Berlin: (hib/SCR) Der Einzelplan des Bundesministeriums für Justiz und Verbraucherschutz sieht für 2026 Ausgaben in Höhe von 1,21 Milliarden Euro (2025: 1,16 Milliarden Euro) vor. Der vom Haushaltsausschuss in seiner Bereinigungssitzung am Freitag beschlossene Ansatz liegt damit um 50,24 Millionen Euro über dem Regierungsentwurf ( , Einzelplan 07). Die im Haushalt ausgebrachten Verpflichtungsermächtigungen im Einzelplan von Bundesministerin Stefanie Hubig (SPD) liegen nach dem Beschluss bei 17,64 Millionen Euro, also 15,74 Millionen Euro über dem Regierungsentwurf. Mit den Änderungen im parlamentarischen Verfahren auf Grundlage der Bereinigungsvorlage des Bundesfinanzministeriums vollzog der Ausschuss in dem Einzelplan die neuen Zuständigkeiten und Zuschnitte der Bundesministerien nach, die im Haushalt 2025 und im Regierungsentwurf 2026 noch nicht abgebildet waren. Im Einzelplan 07 betrifft dies konkret die Verbraucherpolitik, die nun als Kapitel in diesem Haushaltsplan aus dem Einzelplan 16 umgesetzt wurde. In der Bereinigungssitzung setzten die Koalitionsfraktionen zudem noch einige weitere Änderungen durch. So sind zusätzliche Mittel für ein Projekt für Verbraucherforschung an der Universität Bayreuth sowie für die Verbraucherschulen des Verbraucherzentrale Bundesverbandes zur Verfügung gestellt worden. Zusätzliche Mittel gibt es auch für die „Ausfinanzierung eines Digitalisierungsprojektes für eine Online-Schuldnerberatung“. Der entsprechende Haushaltsansatz für „überregionale Maßnahmen zur Stärkung der Resilienz ver- und überschuldeter Verbraucher*innen“ fällt mit 2,68 Millionen Euro nun 700.000 Euro höher aus als im Regierungsentwurf, die Verpflichtungsermächtigung für die darauffolgenden Haushaltsjahre 2027 bis 2029 wurde um insgesamt 3,20 Millionen Euro auf 4,53 Millionen Euro erhöht. Für die Einrichtung einer bundesweiten Transfer- und Koordinierungsstelle „StoP - Stadt(teile) ohne Partnergewalt“ sind im Einzelplan auf Antrag der Koalition nun 600.000 Euro im Haushaltsjahr 2026 sowie 1,8 Millionen Euro als Verpflichtungsermächtigung für die darauffolgenden Haushaltsjahre veranschlagt. In Fortführung eines Beschlusses des Haushaltsausschusses zum Haushalt 2025 werden zudem 2026 1,7 Millionen Euro für den Zuschuss des Projekts „Überregionale Maßnahmen auf dem Gebiet des Schutzes von Frauen vor häuslicher Gewalt“ neu im Haushalt eingestellt. Für das Projekt wird zudem eine Verpflichtungsermächtigung in Höhe von einer Million Euro neu ausgebracht, da die im Haushalt 2025 ausgebrachte Verpflichtungsermächtigung laut Änderungsantrag voraussichtlich nicht in Anspruch genommen werden kann. Mehr Mittel haben die Koalitionsfraktionen zudem für die Stiftung Forum Recht eingestellt. Die Zuführung aus dem Bundeshaushalt fällt mit 4,45 Millionen Euro um 915.000 Euro höher aus als im Regierungsentwurf. Damit soll laut Änderungsantrag insbesondere der Aufbau des Mobilen Forums Recht finanziert werden, „um die Angebote der Stiftung deutschlandweit in der Fläche sichtbarer zu machen“."
2025-11-17T00:00:00,AfD-Fraktion fordert Stärkung der Arzneimittelversorgung,https://www.bundestag.de/presse/hib/kurzmeldungen-1127068,Heute im Bundestag,"Berlin: (hib/PK) Die AfD-Fraktion fordert eine Stärkung der Arzneimittelversorgung durch Förderung der heimischen Produktion. Engpässe bei wichtigen Medikamenten wie etwa Antibiotika oder onkologischen Präparaten gefährdeten die Gesundheit vieler Patienten und entstünden häufig durch eine zu starke Abhängigkeit von wenigen Herstellern und ausländischen Produktionsstandorten, heißt es in einem Antrag ( ) der Fraktion. Die zunehmende Bürokratie erschwere nicht nur die unternehmerische Planung, sondern führe auch zu einer messbaren Ressourcenverlagerung weg von Forschung und Entwicklung hin zu Berichtspflichten und Nachweisführungen. Die Abgeordneten fordern in dem Antrag, Bürokratie und Berichtspflichten so zu reduzieren, dass sich pharmazeutische Unternehmen stärker auf Forschung, Entwicklung, den Preiswettbewerb und die Rückverlagerung wichtiger Produktionsschritte nach Deutschland und Europa konzentrieren könnten. Ferner sollte die inländische Produktion von Wirkstoffen und Arzneimitteln gezielt gefördert werden, zum Beispiel durch Abbau von Investitions- und Innovationshemmnissen wie überbordenden Melde-, Prüf- und Dokumentationspflichten oder doppelten Genehmigungspflichten, etwa bei klinischen Prüfungen."
2025-11-17T00:00:00,Kein Stellenabbau im Bereich IT-Sicherheit im BMI seit 2022,https://www.bundestag.de/presse/hib/kurzmeldungen-1127070,Heute im Bundestag,"Berlin: (hib/STO) Im Geschäftsbereich des Bundesinnenministerium (BMI) sind seit 2022 keine Stellen im Bereich IT-Sicherheit abgebaut worden. Dies geht aus der Antwort der Bundesregierung ( ) auf eine Kleine Anfrage der AfD-Fraktion ( ) hervor. Darin schreibt die Bundesregierung zur Frage nach der Zahl unbesetzter Stellen in dem Bereich IT-Sicherheit, dass aktuell etwa 300 Stellen im Geschäftsbereich des Ministeriums unbesetzt seien."
2025-11-17T00:00:00,Verbreitung des Bornavirus,https://www.bundestag.de/presse/hib/kurzmeldungen-1127074,Heute im Bundestag,"Berlin: (hib/MIS) Die AfD-Fraktion interessiert sich für das Bornavirus. In einer Kleinen Anfrage ( ) mit dem Titel „Bornavirus (BoDV-1) im Jahre 2025 in Deutschland“ erkundigen sich die AfD-Abgeordneten unter anderem nach der Zahl der Verdachtsfälle einer Infektion mit dem Bornavirus in den vergangenen zehn Jahren. Zudem wollen sie von der Bundesregierung wissen, welche Überträger beziehungsweise Wirte außer der Weißzahnspitzmaus bei einer Infektion mit dem Bornavirus beim Menschen erfasst wurden und welche Erkenntnisse ihr zur Tenazität (Widerstandsfähigkeit) des Bornavirus vorliegen und es diesbezüglich aus Bundesmitteln finanzierte Forschungsvorhaben gebe."
2025-11-17T00:00:00,Etat 2026: Leichte Erhöhung im Finanz-Etat,https://www.bundestag.de/presse/hib/kurzmeldungen-1127062,Heute im Bundestag,"Berlin: (hib/SCR) Im Einzelplan des Bundesministeriums der Finanzen sind im kommenden Jahr Ausgaben in Höhe von 10,82 Milliarden Euro (2025: 10,56 Milliarden Euro) vorgesehen. Damit liegt der vom Haushaltsausschuss in seiner Bereinigungssitzung am Freitagmorgen beschlossene Ansatz um 45,24 Millionen Euro über dem Ansatz im Regierungsentwurf ( , Einzelplan 08). Die im Etat des kommenden Jahres ausgebrachten Verpflichtungsermächtigungen belaufen sich auf 3,39 Milliarden Euro, also 197,07 Millionen Euro mehr als im Regierungsentwurf. Im parlamentarischen Verfahren wurden auf Grundlage der Bereinigungsvorlage des Bundesfinanzministeriums vor allem organisatorische Änderungen vollzogen. So sind die Ausgaben für die Beauftragte der Bundesregierung für Ostdeutschland nun vollständig in diesem Einzelplan veranschlagt und nicht mehr im Kanzleramts-Etat. Weitere Änderungen betreffen die Implementierung der privaten Altersvorsorge und der Frühstart-Rente. Dafür erhöht sich der Ansatz für die „Erstattung von Verwaltungskosten an die Deutsche Rentenversicherung Bund und andere Organisationen des öffentlichen Bereichs“ um 25 Millionen Euro auf 166,99 Millionen Euro. Zur Beschaffung von Subskriptionen zum Betrieb virtueller Serversysteme des Informationstechnikzentrums Bund im Rahmen der IT-Konsolidierung Bund und Digitalisierung wird im Etat des ITZBund der Ansatz für „Mieten und Pachten“ um 31,42 Millionen Euro auf 125,02 Millionen Euro erhöht, die Verpflichtungsermächtigungen fallen mit 227,92 Millionen Euro um 188,53 Millionen Euro höher aus als im Regierungsentwurf."
2025-11-17T00:00:00,Bekämpfung von „Seewegschleusungen“ nach Großbritannien,https://www.bundestag.de/presse/hib/kurzmeldungen-1127072,Heute im Bundestag,"Berlin: (hib/STO) „Seewegschleusungen in das Vereinigte Königreich“ sind Thema der Antwort der Bundesregierung ( ) auf eine Kleine Anfrage der Fraktion Die Linke ( ). Wie die Bundesregierung darin mit Stand vom 7. November 2025 ausführt, konnten im Rahmen der internationalen justiziellen Rechtshilfe im Jahr 2024 und im laufenden Jahr in sechs grenzüberschreitenden Exekutivmaßnahmen zur Bekämpfung solcher Schleusungen 35 Personen festgenommen sowie 63 Durchsuchungsbeschlüsse durch die Bundespolizei umgesetzt werden."
